DATE;TIME;OPEN;HIGH;LOW;CLOSE;TICKVOL;VOL;SPREAD
2019.01.02;09:00:00;89385;89623;89168;89498;89716;317108;0
2019.01.02;10:00:00;89493;89998;89493;89948;134934;467049;5
2019.01.02;11:00:00;89948;90448;89923;90313;140081;552789;5
2019.01.02;12:00:00;90313;92038;90298;91893;206536;846034;5
2019.01.02;13:00:00;91898;93008;91818;92798;203504;847212;5
2019.01.02;14:00:00;92798;93733;92793;93573;163809;704314;5
2019.01.02;15:00:00;93573;93698;92998;93163;163023;627059;5
2019.01.02;16:00:00;93168;93448;93063;93173;115562;469347;5
2019.01.02;17:00:00;93173;93508;93043;93328;74929;340585;5
2019.01.02;18:00:00;93333;93388;93178;93178;10477;39449;5
2019.01.03;09:00:00;92760;92889;92304;92734;139865;449237;0
2019.01.03;10:00:00;92739;93254;92574;93254;187966;633237;5
2019.01.03;11:00:00;93254;93799;93234;93664;178858;643957;5
2019.01.03;12:00:00;93669;93759;92794;92814;205532;752443;5
2019.01.03;13:00:00;92814;92889;92199;92429;212045;793483;5
2019.01.03;14:00:00;92429;92874;92354;92504;166957;627900;5
2019.01.03;15:00:00;92499;92654;92149;92484;132820;498449;5
2019.01.03;16:00:00;92484;92514;92039;92199;117047;458371;5
2019.01.03;17:00:00;92199;93434;92169;93334;127504;533249;5
2019.01.03;18:00:00;93334;93464;93269;93354;8725;38315;5
2019.01.04;09:00:00;93880;94106;93576;93771;131696;422701;0
2019.01.04;10:00:00;93776;93801;93021;93431;203906;633677;5
2019.01.04;11:00:00;93436;93986;93111;93831;214325;649294;5
2019.01.04;12:00:00;93831;94066;93391;93886;166075;561872;5
2019.01.04;13:00:00;93886;95021;93591;95011;227796;809547;5
2019.01.04;14:00:00;95011;95041;94186;94376;192307;705864;5
2019.01.04;15:00:00;94371;94676;94106;94241;153051;546708;5
2019.01.04;16:00:00;94246;94426;93886;94171;144915;535942;5
2019.01.04;17:00:00;94166;94546;93821;94006;135991;513722;5
2019.01.04;18:00:00;94006;94151;93941;94151;8779;37724;5
2019.01.07;09:00:00;94068;94267;93772;94067;129736;420463;0
2019.01.07;10:00:00;94062;94547;93972;94507;193741;628744;5
2019.01.07;11:00:00;94512;94762;94417;94517;166120;570750;5
2019.01.07;12:00:00;94517;94547;93792;94172;191420;664340;5
2019.01.07;13:00:00;94172;94317;93602;93817;216919;772248;5
2019.01.07;14:00:00;93812;94077;93452;94067;168074;632012;5
2019.01.07;15:00:00;94067;94237;93577;94167;186786;683705;5
2019.01.07;16:00:00;94172;94372;93982;93987;142299;532679;5
2019.01.07;17:00:00;93992;94162;93462;93777;124645;511818;5
2019.01.07;18:00:00;93787;94032;93742;93912;11520;38666;5
2019.01.08;09:00:00;94374;94427;94092;94357;120647;392581;0
2019.01.08;10:00:00;94357;94412;93642;93817;218616;723416;5
2019.01.08;11:00:00;93817;93947;93412;93602;204428;695415;5
2019.01.08;12:00:00;93602;93972;93507;93952;175277;630607;5
2019.01.08;13:00:00;93957;94132;93247;93402;210859;824814;5
2019.01.08;14:00:00;93397;93767;93292;93727;158135;603518;5
2019.01.08;15:00:00;93727;94162;93712;93912;161034;611582;5
2019.01.08;16:00:00;93912;94152;93772;93992;124511;473828;5
2019.01.08;17:00:00;93997;94362;93887;94327;80228;336887;5
2019.01.08;18:00:00;94322;94392;94242;94337;7745;34421;5
2019.01.09;09:00:00;94771;94970;94615;94885;95808;305346;0
2019.01.09;10:00:00;94880;95020;94515;94960;223304;723166;5
2019.01.09;11:00:00;94960;95480;94910;95345;180776;616012;5
2019.01.09;12:00:00;95350;95690;95240;95610;192456;660439;5
2019.01.09;13:00:00;95605;95835;95335;95455;210575;726533;5
2019.01.09;14:00:00;95455;95790;95420;95595;152568;555638;5
2019.01.09;15:00:00;95595;95705;95375;95600;117203;428521;5
2019.01.09;16:00:00;95600;95690;95475;95540;100662;375551;5
2019.01.09;17:00:00;95540;95900;95470;95840;117076;472262;5
2019.01.09;18:00:00;95840;95870;95780;95865;7922;34946;5
2019.01.10;09:00:00;95376;95531;95256;95381;102384;316982;0
2019.01.10;10:00:00;95386;95571;95296;95426;155614;504628;5
2019.01.10;11:00:00;95426;95616;95316;95366;132079;462832;5
2019.01.10;12:00:00;95371;95681;95246;95676;173901;596545;5
2019.01.10;13:00:00;95671;96156;95671;96016;195571;715313;5
2019.01.10;14:00:00;96016;96206;95891;96161;132722;441827;5
2019.01.10;15:00:00;96166;96221;95721;95911;200826;766239;5
2019.01.10;16:00:00;95921;95996;95356;95706;169042;679353;5
2019.01.10;17:00:00;95701;96041;95591;96021;90241;396830;5
2019.01.10;18:00:00;96026;96096;95986;96066;6428;33044;5
2019.01.11;09:00:00;96308;96328;95861;95966;83934;265269;0
2019.01.11;10:00:00;95966;96021;95611;95701;192868;615666;5
2019.01.11;11:00:00;95701;95996;95586;95906;160846;525426;5
2019.01.11;12:00:00;95911;96031;95466;95581;171127;604745;5
2019.01.11;13:00:00;95581;95791;95491;95736;132836;462691;5
2019.01.11;14:00:00;95736;95991;95626;95871;125802;447085;5
2019.01.11;15:00:00;95871;95931;95771;95846;79524;302648;5
2019.01.11;16:00:00;95851;95891;95701;95831;76918;308449;5
2019.01.11;17:00:00;95836;95986;95781;95831;57059;221314;5
2019.01.11;18:00:00;95826;95871;95761;95761;5999;26601;5
2019.01.14;09:00:00;95280;95650;95240;95625;118661;383216;0
2019.01.14;10:00:00;95625;96370;95530;96010;201441;704350;5
2019.01.14;11:00:00;96010;96240;95885;95970;137172;486928;5
2019.01.14;12:00:00;95965;96110;95890;95955;121156;444153;5
2019.01.14;13:00:00;95960;96330;95935;96315;121576;426956;5
2019.01.14;14:00:00;96315;96550;96070;96530;137384;488164;5
2019.01.14;15:00:00;96535;96615;96415;96440;107560;399344;5
2019.01.14;16:00:00;96445;96580;96375;96540;85564;317778;5
2019.01.14;17:00:00;96535;96585;96410;96575;75987;352814;5
2019.01.14;18:00:00;96575;96585;96465;96505;8299;37286;5
2019.01.15;09:00:00;96715;96715;96465;96550;117367;379931;0
2019.01.15;10:00:00;96550;96825;96300;96345;248966;845479;5
2019.01.15;11:00:00;96345;96750;96300;96595;158604;628266;5
2019.01.15;12:00:00;96595;96640;96430;96615;117612;452943;5
2019.01.15;13:00:00;96615;96820;96365;96565;165722;651652;5
2019.01.15;14:00:00;96560;96640;96380;96545;100685;406222;5
2019.01.15;15:00:00;96545;96640;95480;95910;193780;691770;5
2019.01.15;16:00:00;95905;96195;95835;96185;108172;382407;5
2019.01.15;17:00:00;96190;96255;95685;95945;117908;409668;5
2019.01.15;18:00:00;95945;96280;95925;96280;8503;36527;5
2019.01.16;09:00:00;96512;96512;96140;96200;98604;324742;0
2019.01.16;10:00:00;96200;96435;96030;96175;187759;618084;5
2019.01.16;11:00:00;96180;96290;95940;96005;168994;569437;5
2019.01.16;12:00:00;96010;96345;95755;96260;184324;676513;5
2019.01.16;13:00:00;96265;96450;96015;96115;147958;554881;5
2019.01.16;14:00:00;96120;96340;95940;96330;134751;552171;5
2019.01.16;15:00:00;96325;96505;96190;96290;128423;486356;5
2019.01.16;16:00:00;96285;96445;96115;96190;113118;437367;5
2019.01.16;17:00:00;96190;96430;96145;96320;72663;285999;5
2019.01.16;18:00:00;96315;96515;96305;96515;7562;32186;5
2019.01.17;09:00:00;96115;96351;96110;96321;87824;279941;0
2019.01.17;10:00:00;96321;96426;95971;96051;214274;723846;5
2019.01.17;11:00:00;96051;96351;96016;96266;143625;526534;5
2019.01.17;12:00:00;96261;96736;96166;96666;171380;620401;5
2019.01.17;13:00:00;96666;97041;96631;96976;155516;581969;5
2019.01.17;14:00:00;96976;97231;96861;97091;141871;532925;5
2019.01.17;15:00:00;97086;97246;96976;97116;90240;347298;5
2019.01.17;16:00:00;97116;97551;97096;97446;135463;544306;5
2019.01.17;17:00:00;97446;97836;97391;97551;99903;487743;5
2019.01.17;18:00:00;97556;97661;97446;97511;12788;54011;5
2019.01.18;09:00:00;97387;97793;97313;97783;145134;482362;0
2019.01.18;10:00:00;97778;98518;97613;98408;210377;761037;5
2019.01.18;11:00:00;98403;98418;98138;98203;124966;507771;5
2019.01.18;12:00:00;98208;98463;98093;98138;131192;499004;5
2019.01.18;13:00:00;98143;98398;98008;98208;154953;620370;5
2019.01.18;14:00:00;98208;98323;98093;98128;106798;421937;5
2019.01.18;15:00:00;98128;98233;97948;98108;116613;471877;5
2019.01.18;16:00:00;98113;98423;98068;98393;96844;397918;5
2019.01.18;17:00:00;98393;98468;98133;98143;80868;350162;5
2019.01.18;18:00:00;98148;98178;98003;98013;7941;34058;5
2019.01.21;09:00:00;97886;98046;97596;97731;118722;375824;0
2019.01.21;10:00:00;97731;97931;96881;97031;207889;711923;5
2019.01.21;11:00:00;97026;97346;96976;97296;128934;464894;5
2019.01.21;12:00:00;97291;97436;97236;97361;68493;264736;5
2019.01.21;13:00:00;97366;97401;97176;97321;86502;333523;5
2019.01.21;14:00:00;97326;97501;97291;97456;79643;309309;5
2019.01.21;15:00:00;97456;98016;97456;98001;103276;414488;5
2019.01.21;16:00:00;98001;98126;97846;97956;84553;344992;5
2019.01.21;17:00:00;97951;98006;97776;97956;49068;218020;5
2019.01.21;18:00:00;97956;98336;97951;98336;8138;32040;5
2019.01.22;09:00:00;97774;97835;97435;97665;149505;448609;0
2019.01.22;10:00:00;97670;97940;97515;97830;190665;653194;5
2019.01.22;11:00:00;97830;97945;97340;97605;196024;696582;5
2019.01.22;12:00:00;97600;98150;97555;97985;213704;791098;5
2019.01.22;13:00:00;97980;97990;96925;97205;204264;746091;5
2019.01.22;14:00:00;97210;97485;96965;97000;126196;487499;5
2019.01.22;15:00:00;97005;97265;96925;97150;136572;519279;5
2019.01.22;16:00:00;97150;97150;96625;96875;149419;597979;5
2019.01.22;17:00:00;96875;97005;96690;96925;88669;367076;5
2019.01.22;18:00:00;96930;97055;96825;96825;10926;43669;5
2019.01.23;09:00:00;97234;97625;97224;97535;117550;384012;0
2019.01.23;10:00:00;97535;97870;97430;97650;226056;843186;5
2019.01.23;11:00:00;97650;98035;97520;97980;169281;643482;5
2019.01.23;12:00:00;97980;98645;97950;98405;203069;792750;5
2019.01.23;13:00:00;98405;98545;98085;98115;167399;659211;5
2019.01.23;14:00:00;98115;98335;97805;97815;155569;632637;5
2019.01.23;15:00:00;97815;98160;97630;97885;186263;800858;5
2019.01.23;16:00:00;97890;98205;97805;98095;127586;571502;5
2019.01.23;17:00:00;98090;98405;98085;98360;93856;436601;5
2019.01.23;18:00:00;98355;98475;98330;98470;7061;27975;5
2019.01.24;09:00:00;98451;98636;98395;98501;120175;389877;0
2019.01.24;10:00:00;98501;99086;98346;99036;225101;795250;5
2019.01.24;11:00:00;99041;99186;98726;98741;180064;662593;5
2019.01.24;12:00:00;98736;99136;98671;98946;169354;625774;5
2019.01.24;13:00:00;98941;99406;98896;99356;133204;501124;5
2019.01.24;14:00:00;99361;99401;99106;99221;112791;434488;5
2019.01.24;15:00:00;99221;99281;98971;99021;113038;458010;5
2019.01.24;16:00:00;99021;99296;98931;99246;95805;384868;5
2019.01.24;17:00:00;99241;99506;99036;99506;84323;381477;5
2019.01.24;18:00:00;99501;99646;99456;99646;10677;47140;5
2019.01.28;09:00:00;98273;98631;97881;97956;183572;569460;0
2019.01.28;10:00:00;97951;98191;97606;98101;223761;728600;5
2019.01.28;11:00:00;98101;98176;97266;97366;195193;674584;5
2019.01.28;12:00:00;97371;97441;96701;97076;209956;791035;5
2019.01.28;13:00:00;97076;97451;96876;97366;127672;477400;5
2019.01.28;14:00:00;97361;97646;97161;97161;155217;581501;5
2019.01.28;15:00:00;97161;97606;97046;97406;155639;609550;5
2019.01.28;16:00:00;97401;97816;97391;97756;149449;598843;5
2019.01.28;17:00:00;97761;97841;97446;97656;94564;396101;5
2019.01.28;18:00:00;97661;97671;97341;97341;12098;41007;5
2019.01.29;09:00:00;97346;98233;97346;98208;158372;546060;0
2019.01.29;10:00:00;98213;98388;98038;98068;187017;656744;5
2019.01.29;11:00:00;98068;98688;98048;98668;185647;672301;5
2019.01.29;12:00:00;98663;98748;98178;98268;176935;662760;5
2019.01.29;13:00:00;98263;98388;97888;98028;161825;615089;5
2019.01.29;14:00:00;98028;98143;97728;97798;155798;585365;5
2019.01.29;15:00:00;97793;98128;97683;98038;128510;495801;5
2019.01.29;16:00:00;98038;98153;97893;98068;96403;382478;5
2019.01.29;17:00:00;98063;98113;97638;97648;76835;357687;5
2019.01.29;18:00:00;97648;97703;97488;97488;12443;57843;5
2019.01.30;09:00:00;98283;98729;98283;98719;129531;432273;0
2019.01.30;10:00:00;98719;98974;98679;98899;168204;600517;5
2019.01.30;11:00:00;98899;99119;98789;98864;167828;608893;5
2019.01.30;12:00:00;98864;98889;98284;98349;167768;608344;5
2019.01.30;13:00:00;98349;98414;97779;97889;171692;631157;5
2019.01.30;14:00:00;97894;98284;97879;98234;116623;425198;5
2019.01.30;15:00:00;98229;98254;97884;98069;130193;497992;5
2019.01.30;16:00:00;98074;98234;98014;98084;87310;342290;5
2019.01.30;17:00:00;98089;99194;98079;99144;182474;706701;5
2019.01.30;18:00:00;99139;99169;98924;98924;10106;35753;5
2019.01.31;09:00:00;99464;99708;99213;99653;123823;436952;0
2019.01.31;10:00:00;99653;100088;99563;99958;195913;654171;5
2019.01.31;11:00:00;99963;100188;99858;99893;145192;496081;5
2019.01.31;12:00:00;99898;100063;99588;100008;187015;691505;5
2019.01.31;13:00:00;100008;100303;99873;100253;149203;543648;5
2019.01.31;14:00:00;100248;100358;99803;100233;177047;662032;5
2019.01.31;15:00:00;100233;100393;99913;100113;141709;544841;5
2019.01.31;16:00:00;100118;100218;99638;99883;149388;579546;5
2019.01.31;17:00:00;99883;99893;99438;99468;99029;424768;5
2019.01.31;18:00:00;99468;99488;99288;99488;10244;39092;5
2019.02.01;09:00:00;99220;99505;99110;99275;134594;453307;0
2019.02.01;10:00:00;99275;99820;99270;99655;213604;720181;5
2019.02.01;11:00:00;99650;100030;99400;99770;184235;647758;5
2019.02.01;12:00:00;99770;99845;99135;99240;196678;713158;5
2019.02.01;13:00:00;99235;99655;99180;99355;147995;543440;5
2019.02.01;14:00:00;99355;99390;98920;99270;140769;544392;5
2019.02.01;15:00:00;99270;99390;99025;99125;114407;463721;5
2019.02.01;16:00:00;99130;99420;99125;99390;98504;415204;5
2019.02.01;17:00:00;99385;99740;99190;99705;76902;321534;5
2019.02.01;18:00:00;99705;99825;99625;99825;9305;42724;5
2019.02.04;09:00:00;100243;100248;99207;99342;251946;699456;0
2019.02.04;10:00:00;99337;99517;98717;98812;223875;791709;5
2019.02.04;11:00:00;98812;99227;98752;99117;135619;505381;5
2019.02.04;12:00:00;99117;99352;98882;99242;176015;662679;5
2019.02.04;13:00:00;99242;99702;99052;99587;150496;576698;5
2019.02.04;14:00:00;99582;99912;99547;99912;156793;593578;5
2019.02.04;15:00:00;99907;100502;99882;100427;177730;730105;5
2019.02.04;16:00:00;100427;100547;100142;100302;145696;627509;5
2019.02.04;17:00:00;100297;100542;100197;100542;109782;502399;5
2019.02.04;18:00:00;100532;100547;100237;100237;7646;44831;5
2019.02.05;09:00:00;100304;100426;99901;100091;174603;584633;0
2019.02.05;10:00:00;100096;100386;99786;100146;285732;959578;5
2019.02.05;11:00:00;100146;100251;99891;100126;164188;593667;5
2019.02.05;12:00:00;100126;100281;99966;100061;154874;574536;5
2019.02.05;13:00:00;100061;100166;99746;99926;149858;560286;5
2019.02.05;14:00:00;99926;99991;99486;99776;193489;697927;5
2019.02.05;15:00:00;99776;99866;99516;99711;138018;493692;5
2019.02.05;16:00:00;99711;100461;99676;100441;158908;593005;5
2019.02.05;17:00:00;100446;100491;100086;100266;102037;425146;5
2019.02.05;18:00:00;100276;100316;100116;100201;9702;41189;5
2019.02.06;09:00:00;99800;99856;98879;99054;232002;775094;0
2019.02.06;10:00:00;99059;99179;98254;98339;293525;1008096;5
2019.02.06;11:00:00;98339;98689;98004;98194;232523;810389;5
2019.02.06;12:00:00;98199;98584;98149;98349;170592;581828;5
2019.02.06;13:00:00;98349;98549;98194;98449;136731;506681;5
2019.02.06;14:00:00;98449;98484;98069;98114;134212;504256;5
2019.02.06;15:00:00;98114;98299;98069;98219;109642;413672;5
2019.02.06;16:00:00;98214;98244;97094;97314;249139;1007492;5
2019.02.06;17:00:00;97309;97389;96419;96439;158626;700308;5
2019.02.06;18:00:00;96439;96474;96239;96454;20847;74660;5
2019.02.07;09:00:00;96512;97056;96236;96826;275460;853215;0
2019.02.07;10:00:00;96826;97431;96816;97176;274793;921755;5
2019.02.07;11:00:00;97176;97266;96316;96986;239126;842222;5
2019.02.07;12:00:00;96986;97206;96571;97111;193584;675529;5
2019.02.07;13:00:00;97111;97286;96801;96856;166039;581066;5
2019.02.07;14:00:00;96856;96976;95526;95566;268416;982797;5
2019.02.07;15:00:00;95561;95856;95271;95806;207294;815088;5
2019.02.07;16:00:00;95806;96491;95796;95926;179327;754353;5
2019.02.07;17:00:00;95931;96361;95496;95996;151696;640997;5
2019.02.07;18:00:00;96001;96181;95961;96121;7087;23132;5
2019.02.08;09:00:00;95850;96596;95416;95671;309692;1007859;0
2019.02.08;10:00:00;95666;96501;95466;96261;302706;1031817;5
2019.02.08;11:00:00;96261;96946;96156;96766;215565;770297;5
2019.02.08;12:00:00;96766;97111;96431;96511;230457;851074;5
2019.02.08;13:00:00;96511;96651;95816;95866;220248;812481;5
2019.02.08;14:00:00;95861;95991;95151;95871;253714;921049;5
2019.02.08;15:00:00;95866;96746;95781;96666;190812;781287;5
2019.02.08;16:00:00;96666;96961;96391;96746;153068;603484;5
2019.02.08;17:00:00;96751;97331;96681;97141;112216;486874;5
2019.02.08;18:00:00;97141;97231;96786;96786;8830;39156;5
2019.02.11;09:00:00;97530;97843;97253;97578;204579;656090;0
2019.02.11;10:00:00;97578;97608;96643;96918;309632;995432;5
2019.02.11;11:00:00;96923;97033;96368;96968;230054;779263;5
2019.02.11;12:00:00;96968;97013;95788;95873;228697;821967;5
2019.02.11;13:00:00;95873;96043;95463;95888;214063;786907;5
2019.02.11;14:00:00;95888;96148;95508;96083;169235;618140;5
2019.02.11;15:00:00;96083;96368;95738;96253;176491;670705;5
2019.02.11;16:00:00;96258;96463;95968;96218;153191;575760;5
2019.02.11;17:00:00;96218;96803;96068;96193;128704;537334;5
2019.02.11;18:00:00;96198;96253;96083;96083;7245;27877;5
2019.02.12;09:00:00;96669;97289;96669;97264;186990;604960;0
2019.02.12;10:00:00;97264;97569;97099;97384;265206;900408;5
2019.02.12;11:00:00;97384;97594;97014;97254;208710;732664;5
2019.02.12;12:00:00;97259;97509;96894;97399;200751;730456;5
2019.02.12;13:00:00;97404;97454;96929;97329;177836;644905;5
2019.02.12;14:00:00;97329;97714;97259;97529;165695;614724;5
2019.02.12;15:00:00;97534;98114;97429;98044;180312;666828;5
2019.02.12;16:00:00;98044;98379;97864;97874;159313;645714;5
2019.02.12;17:00:00;97874;98004;97594;97819;135063;562168;5
2019.02.12;18:00:00;97819;97914;97684;97684;6713;32494;5
2019.02.13;09:00:00;98067;98542;97872;98492;132405;413534;0
2019.02.13;10:00:00;98492;98532;97907;98167;214083;697379;5
2019.02.13;11:00:00;98167;98342;97487;97897;210946;730706;0
2019.02.13;12:00:00;97897;98312;97727;98207;167544;561858;0
2019.02.13;13:00:00;98202;98282;97492;97522;175235;623068;5
2019.02.13;14:00:00;97522;97657;97077;97492;206924;775082;5
2019.02.13;15:00:00;97492;98232;97442;97977;189529;755859;5
2019.02.13;16:00:00;97967;98222;97697;97822;150590;601596;5
2019.02.13;17:00:00;97822;97842;97312;97422;116514;485380;0
2019.02.13;18:00:00;97417;97722;97397;97702;9591;45617;0
2019.02.14;09:00:00;97845;98166;97631;97851;213603;601387;0
2019.02.14;10:00:00;97851;98026;97226;97351;362148;1003940;5
2019.02.14;11:00:00;97351;97631;96816;96841;307324;870650;5
2019.02.14;12:00:00;96846;97106;96501;97036;199042;675552;5
2019.02.14;13:00:00;97036;97641;96946;97506;178675;704956;5
2019.02.14;14:00:00;97506;97591;97126;97466;143953;527023;5
2019.02.14;15:00:00;97471;98461;97471;98261;194857;783005;5
2019.02.14;16:00:00;98261;98426;97761;97976;151270;598528;5
2019.02.14;17:00:00;97981;99901;97931;99826;202720;835704;5
2019.02.14;18:00:00;99836;99851;99641;99781;9448;40375;5
2019.02.15;09:00:00;99443;99780;99210;99550;265769;779502;0
2019.02.15;10:00:00;99540;100000;99035;99725;313626;1023466;5
2019.02.15;11:00:00;99725;99880;98945;99195;267774;879470;5
2019.02.15;12:00:00;99195;99760;98745;98815;240874;819279;5
2019.02.15;13:00:00;98825;99255;98765;99175;182542;627913;5
2019.02.15;14:00:00;99170;99580;98905;99100;202177;710431;5
2019.02.15;15:00:00;99105;99300;98925;99100;130662;486191;5
2019.02.15;16:00:00;99100;99280;98855;99210;135070;516458;5
2019.02.15;17:00:00;99210;99420;98940;99245;119284;483287;5
2019.02.15;18:00:00;99250;99285;99060;99080;7619;32445;5
2019.02.18;09:00:00;98717;98801;98326;98621;215873;623160;0
2019.02.18;10:00:00;98626;98856;98276;98416;248622;802907;5
2019.02.18;11:00:00;98416;98606;98206;98411;197311;690130;5
2019.02.18;12:00:00;98411;98431;98031;98146;139339;501244;5
2019.02.18;13:00:00;98146;98331;98056;98076;114140;424142;5
2019.02.18;14:00:00;98076;98136;97876;98116;123930;472781;5
2019.02.18;15:00:00;98126;98501;98076;98501;127622;451239;5
2019.02.18;16:00:00;98496;98626;97991;98326;168186;648370;5
2019.02.18;17:00:00;98326;98351;97881;98066;88276;385820;5
2019.02.18;18:00:00;98071;98181;97956;98181;5690;33319;5
2019.02.19;09:00:00;97971;98702;97787;98582;266957;836798;0
2019.02.19;10:00:00;98577;99137;98432;98907;293424;976826;5
2019.02.19;11:00:00;98902;99567;98802;99307;272900;941309;5
2019.02.19;12:00:00;99312;99642;99182;99352;193230;691296;5
2019.02.19;13:00:00;99352;99902;99307;99737;203800;750387;5
2019.02.19;14:00:00;99742;99742;99457;99537;164214;618482;5
2019.02.19;15:00:00;99542;99577;99317;99417;130154;524772;5
2019.02.19;16:00:00;99422;99682;99342;99432;145974;600708;5
2019.02.19;17:00:00;99437;99507;98807;99002;126944;532365;5
2019.02.19;18:00:00;98992;99062;98927;98967;8735;34660;5
2019.02.20;09:00:00;99221;99837;99130;99627;240705;803554;0
2019.02.20;10:00:00;99627;100227;99617;99767;330495;1080159;5
2019.02.20;11:00:00;99767;99927;98537;99202;417956;1419125;5
2019.02.20;12:00:00;99202;99712;99182;99377;200530;728212;5
2019.02.20;13:00:00;99377;99632;98907;99222;179777;647549;5
2019.02.20;14:00:00;99222;99287;98922;99032;166656;593475;5
2019.02.20;15:00:00;99027;99322;98962;99092;150289;545441;5
2019.02.20;16:00:00;99102;99297;98302;98342;232524;835727;5
2019.02.20;17:00:00;98342;98567;97992;98152;120635;474892;5
2019.02.20;18:00:00;98152;98382;98082;98382;6266;24989;5
2019.02.21;09:00:00;98626;98996;98316;98421;224262;739631;0
2019.02.21;10:00:00;98421;98816;98161;98366;314089;992844;5
2019.02.21;11:00:00;98366;98411;97871;97916;262062;882453;5
2019.02.21;12:00:00;97911;98006;97441;97926;213889;750618;5
2019.02.21;13:00:00;97921;98036;97526;97756;166057;587429;5
2019.02.21;14:00:00;97751;97851;97336;97661;172108;611381;5
2019.02.21;15:00:00;97661;98146;97536;98086;170960;623831;5
2019.02.21;16:00:00;98086;98451;97991;98191;178573;678651;5
2019.02.21;17:00:00;98191;98531;97986;98526;107557;435733;5
2019.02.21;18:00:00;98521;98641;98436;98641;7547;31962;5
2019.02.22;09:00:00;98999;99119;98754;99089;224211;745990;0
2019.02.22;10:00:00;99089;99769;98529;98729;296441;972233;5
2019.02.22;11:00:00;98729;98994;98549;98939;230346;816192;5
2019.02.22;12:00:00;98939;99019;98589;98814;151976;572173;5
2019.02.22;13:00:00;98814;99249;98719;99134;123728;469539;5
2019.02.22;14:00:00;99129;99359;98954;99049;150023;535230;5
2019.02.22;15:00:00;99054;99149;98834;99059;120732;444191;5
2019.02.22;16:00:00;99054;99209;98959;98994;99896;407595;5
2019.02.22;17:00:00;98989;99479;98934;99444;85436;377686;5
2019.02.22;18:00:00;99439;99454;99289;99414;6370;29314;5
2019.02.25;09:00:00;99896;100077;99572;99722;176867;601227;0
2019.02.25;10:00:00;99717;99722;99442;99587;220737;763797;5
2019.02.25;11:00:00;99587;99727;99047;99167;266900;946861;5
2019.02.25;12:00:00;99167;99377;98887;99367;195701;690549;5
2019.02.25;13:00:00;99367;99402;98912;99007;167107;616374;5
2019.02.25;14:00:00;99007;99072;98692;98827;184458;673245;5
2019.02.25;15:00:00;98827;98942;98612;98802;148502;503202;5
2019.02.25;16:00:00;98807;98937;98687;98757;132456;469585;5
2019.02.25;17:00:00;98762;98982;98647;98797;92373;365331;5
2019.02.25;18:00:00;98802;98827;98752;98827;7136;29146;5
2019.02.26;09:00:00;98576;98721;98341;98676;188252;594875;0
2019.02.26;10:00:00;98676;99171;98671;98861;249362;846513;5
2019.02.26;11:00:00;98866;99366;98856;98976;238679;844272;5
2019.02.26;12:00:00;98981;99406;98951;99156;184033;666375;5
2019.02.26;13:00:00;99151;99476;99121;99331;143839;531758;5
2019.02.26;14:00:00;99326;99381;99016;99021;141129;518822;5
2019.02.26;15:00:00;99021;99256;98886;99021;160220;588284;5
2019.02.26;16:00:00;99021;99311;98941;99226;139432;509314;5
2019.02.26;17:00:00;99221;99286;99081;99141;73995;304217;5
2019.02.26;18:00:00;99141;99151;99006;99006;5979;28702;5
2019.02.27;09:00:00;98868;99178;98753;99143;148130;477562;0
2019.02.27;10:00:00;99138;99288;98588;98813;313779;991099;5
2019.02.27;11:00:00;98813;98858;98418;98553;223658;739902;5
2019.02.27;12:00:00;98553;98798;98368;98608;195372;680629;5
2019.02.27;13:00:00;98608;99248;98548;99123;188193;635361;5
2019.02.27;14:00:00;99118;99218;98983;99128;139993;472591;5
2019.02.27;15:00:00;99128;99298;98998;99073;129932;468207;5
2019.02.27;16:00:00;99073;99133;98783;99058;142450;481091;5
2019.02.27;17:00:00;99058;99108;98818;98883;75518;305996;5
2019.02.27;18:00:00;98878;98918;98733;98738;7199;27520;5
2019.02.28;09:00:00;98722;99012;98586;99007;166850;524380;0
2019.02.28;10:00:00;99012;99027;98047;98142;298066;966859;5
2019.02.28;11:00:00;98137;98297;97817;97862;218264;753385;5
2019.02.28;12:00:00;97862;97872;96857;96872;279823;1075877;5
2019.02.28;13:00:00;96877;97187;96782;96892;179716;691061;5
2019.02.28;14:00:00;96892;97362;96887;97272;152185;574891;5
2019.02.28;15:00:00;97272;97407;97002;97042;159714;591054;5
2019.02.28;16:00:00;97047;97227;96922;96977;137397;511173;5
2019.02.28;17:00:00;96977;97052;96887;96967;81292;344658;5
2019.02.28;18:00:00;96972;96977;96732;96732;18160;67331;5
2019.03.01;09:00:00;97266;97556;97086;97216;171326;572305;0
2019.03.01;10:00:00;97216;97471;96516;96621;318106;1095435;5
2019.03.01;11:00:00;96621;97056;96586;96826;193041;691246;5
2019.03.01;12:00:00;96826;97016;96486;96916;190315;679858;5
2019.03.01;13:00:00;96916;96941;96321;96466;175224;668017;5
2019.03.01;14:00:00;96466;96486;96086;96131;151957;563021;5
2019.03.01;15:00:00;96131;96131;95761;95806;164820;658128;5
2019.03.01;16:00:00;95811;96221;95716;96126;126133;481425;5
2019.03.01;17:00:00;96121;96316;95931;96001;92180;399329;5
2019.03.01;18:00:00;96001;96021;95851;95931;6880;27073;5
2019.03.06;13:00:00;95638;96244;95434;95559;259868;883101;0
2019.03.06;14:00:00;95564;95764;95304;95404;219631;685588;5
2019.03.06;15:00:00;95404;95679;95284;95569;145604;505953;5
2019.03.06;16:00:00;95564;95699;95469;95504;113252;405949;5
2019.03.06;17:00:00;95504;95634;95414;95539;68104;274808;5
2019.03.06;18:00:00;95544;95584;95434;95434;5275;23082;5
2019.03.07;09:00:00;95350;95530;95105;95380;172291;532567;0
2019.03.07;10:00:00;95385;95755;95020;95705;296529;941610;5
2019.03.07;11:00:00;95700;95865;95095;95275;244464;853942;5
2019.03.07;12:00:00;95280;95755;95180;95595;168551;642735;5
2019.03.07;13:00:00;95595;95695;95390;95600;146534;544995;5
2019.03.07;14:00:00;95595;95705;95480;95585;119897;493725;5
2019.03.07;15:00:00;95590;95615;95305;95320;133822;547446;5
2019.03.07;16:00:00;95320;95570;95180;95375;154899;613963;5
2019.03.07;17:00:00;95380;95975;95330;95710;129526;509209;5
2019.03.07;18:00:00;95710;95930;95610;95930;4931;22894;5
2019.03.08;09:00:00;95371;95502;95177;95217;129523;420525;0
2019.03.08;10:00:00;95217;95272;94562;95062;266414;825255;5
2019.03.08;11:00:00;95057;95692;94712;95292;247733;843932;5
2019.03.08;12:00:00;95287;96042;95282;95822;201883;720132;5
2019.03.08;13:00:00;95817;96147;95672;95882;166621;519471;5
2019.03.08;14:00:00;95877;96102;95722;95927;145012;499731;5
2019.03.08;15:00:00;95932;96092;95837;96037;119306;404431;5
2019.03.08;16:00:00;96037;96517;95982;96452;153462;581921;5
2019.03.08;17:00:00;96452;96857;96447;96637;123829;540692;5
2019.03.08;18:00:00;96642;96782;96607;96687;8337;35836;5
2019.03.11;09:00:00;97079;97315;97015;97020;134333;441899;0
2019.03.11;10:00:00;97025;98185;96890;98185;310200;1022242;5
2019.03.11;11:00:00;98185;98740;98090;98650;211417;800835;5
2019.03.11;12:00:00;98650;98825;98525;98735;150003;592851;5
2019.03.11;13:00:00;98730;98970;98665;98915;144222;567533;5
2019.03.11;14:00:00;98920;99155;98840;99095;144493;585720;5
2019.03.11;15:00:00;99095;99185;98965;99105;116353;461318;5
2019.03.11;16:00:00;99105;99290;99070;99215;99115;411798;5
2019.03.11;17:00:00;99220;99450;99055;99300;74056;289351;5
2019.03.11;18:00:00;99315;99315;99315;99315;928;7516;10
2019.03.12;09:00:00;99120;99729;99024;99594;199668;673215;0
2019.03.12;10:00:00;99589;99594;98794;98979;352509;1141350;5
2019.03.12;11:00:00;98979;99519;98944;99364;263302;906023;5
2019.03.12;12:00:00;99359;99364;98859;99099;186421;656861;5
2019.03.12;13:00:00;99099;99224;98999;99039;123793;464130;5
2019.03.12;14:00:00;99034;99154;98614;98849;176351;654423;5
2019.03.12;15:00:00;98844;99109;98739;98979;184311;684552;5
2019.03.12;16:00:00;98974;99299;98714;99109;172732;669652;5
2019.03.12;17:00:00;99109;99299;99014;99214;56602;194443;5
2019.03.12;18:00:00;99214;99214;99214;99214;719;4693;10
2019.03.13;09:00:00;99533;99634;98944;98959;177520;538555;0
2019.03.13;10:00:00;98959;99154;98694;99009;316031;959154;5
2019.03.13;11:00:00;99004;99289;98744;98884;250080;818703;5
2019.03.13;12:00:00;98879;99609;98784;99404;229905;779525;5
2019.03.13;13:00:00;99409;99479;99134;99249;149464;508161;5
2019.03.13;14:00:00;99249;99554;99219;99514;135848;471301;5
2019.03.13;15:00:00;99514;100664;99509;100089;324020;1166372;5
2019.03.13;16:00:00;100084;100494;100009;100199;189666;684568;5
2019.03.13;17:00:00;100199;100249;99989;100034;55733;184662;5
2019.03.13;18:00:00;99899;99899;99899;99899;1045;7857;5
2019.03.14;09:00:00;100138;100423;99743;100233;267049;816477;0
2019.03.14;10:00:00;100233;100373;99933;100133;319283;969139;5
2019.03.14;11:00:00;100128;100213;99498;99598;270157;919901;5
2019.03.14;12:00:00;99598;99763;99308;99703;220678;735002;5
2019.03.14;13:00:00;99708;99863;99493;99668;125933;440311;5
2019.03.14;14:00:00;99673;99688;99113;99178;139348;471206;5
2019.03.14;15:00:00;99173;99783;99038;99693;192826;684862;5
2019.03.14;16:00:00;99693;100013;99603;99798;147223;523985;5
2019.03.14;17:00:00;99798;99918;99658;99843;61876;210796;5
2019.03.14;18:00:00;99818;99818;99818;99818;747;4748;10
2019.03.15;09:00:00;100209;100239;99332;99802;272197;785921;0
2019.03.15;10:00:00;99797;100727;99672;100572;311962;967434;5
2019.03.15;11:00:00;100572;100682;100272;100447;230187;696623;5
2019.03.15;12:00:00;100452;100487;100062;100172;199488;649568;5
2019.03.15;13:00:00;100167;100437;100007;100342;137008;443527;5
2019.03.15;14:00:00;100347;100637;100342;100487;127763;422695;5
2019.03.15;15:00:00;100487;100507;100192;100392;152265;495768;5
2019.03.15;16:00:00;100392;100527;100067;100232;133481;460173;5
2019.03.15;17:00:00;100232;100347;100067;100097;75793;249177;5
2019.03.15;18:00:00;100032;100032;100032;100032;818;5947;10
2019.03.18;09:00:00;100279;100679;100138;100629;209888;564599;0
2019.03.18;10:00:00;100629;100724;100339;100604;257430;817956;5
2019.03.18;11:00:00;100604;100974;100559;100929;208427;682647;5
2019.03.18;12:00:00;100929;100959;100559;100634;142185;508783;5
2019.03.18;13:00:00;100629;100984;100614;100894;115497;413343;5
2019.03.18;14:00:00;100899;101319;100889;101184;156865;568056;5
2019.03.18;15:00:00;101179;101229;101019;101214;103228;373624;5
2019.03.18;16:00:00;101214;101214;100969;101054;104592;375513;5
2019.03.18;17:00:00;101049;101309;101039;101204;62956;206914;5
2019.03.18;18:00:00;101324;101324;101324;101324;954;6005;5
2019.03.19;09:00:00;101297;101598;101243;101478;151861;483417;0
2019.03.19;10:00:00;101473;101478;100758;100788;312651;1046891;5
2019.03.19;11:00:00;100793;101103;100663;100948;196223;662708;5
2019.03.19;12:00:00;100943;101573;100868;101533;181897;654269;5
2019.03.19;13:00:00;101538;101723;101348;101593;165434;621772;5
2019.03.19;14:00:00;101593;101663;101373;101423;121051;424258;5
2019.03.19;15:00:00;101428;101573;101278;101478;147162;519094;5
2019.03.19;16:00:00;101483;101503;100573;100933;217514;832194;5
2019.03.19;17:00:00;100933;100948;100703;100803;45805;158855;5
2019.03.19;18:00:00;100703;100703;100703;100703;714;5706;5
2019.03.20;09:00:00;100687;101037;100357;100432;211427;651128;0
2019.03.20;10:00:00;100437;100877;100227;100312;310547;999083;5
2019.03.20;11:00:00;100312;100587;100107;100342;194520;704336;5
2019.03.20;12:00:00;100342;100512;99857;99962;150006;562119;5
2019.03.20;13:00:00;99962;100062;99567;99722;151524;535908;5
2019.03.20;14:00:00;99717;100197;99667;100152;118005;448314;5
2019.03.20;15:00:00;100157;100997;100152;100592;279758;930358;5
2019.03.20;16:00:00;100592;100612;99077;99402;264463;957903;5
2019.03.20;17:00:00;99397;99442;98587;98682;91528;327410;5
2019.03.20;18:00:00;98587;98587;98587;98587;593;4985;5
2019.03.21;09:00:00;98475;98944;98239;98904;252829;772747;0
2019.03.21;10:00:00;98909;99129;98419;98459;305339;921041;5
2019.03.21;11:00:00;98459;98619;97329;97704;359760;1184609;5
2019.03.21;12:00:00;97704;97864;96759;96834;272135;903623;5
2019.03.21;13:00:00;96834;97234;96569;97154;192531;655729;5
2019.03.21;14:00:00;97154;97699;97154;97689;174916;619339;5
2019.03.21;15:00:00;97689;98104;97599;97794;223333;798245;5
2019.03.21;16:00:00;97794;98299;97634;97984;169564;604067;5
2019.03.21;17:00:00;97984;97989;97539;97974;69782;258613;5
2019.03.21;18:00:00;97989;97989;97989;97989;658;3951;5
2019.03.22;09:00:00;96127;96127;95179;95834;296501;856313;0
2019.03.22;10:00:00;95834;96479;95424;95574;344216;970080;5
2019.03.22;11:00:00;95579;96154;95544;95659;268935;821839;5
2019.03.22;12:00:00;95659;96259;95149;95189;266789;861007;5
2019.03.22;13:00:00;95184;95429;94784;95024;215049;720087;5
2019.03.22;14:00:00;95019;95404;94879;94894;178969;612165;5
2019.03.22;15:00:00;94899;95269;94594;95024;236709;822675;5
2019.03.22;16:00:00;95024;95099;94334;94479;179661;642836;5
2019.03.22;17:00:00;94479;94654;94269;94324;76586;261646;5
2019.03.22;18:00:00;94279;94279;94279;94279;878;6869;10
2019.03.25;09:00:00;92926;94032;92800;93937;273717;731076;0
2019.03.25;10:00:00;93932;95072;93927;94672;364251;1177565;5
2019.03.25;11:00:00;94672;95457;94377;95317;320279;1076463;5
2019.03.25;12:00:00;95317;95342;94737;94947;218886;783197;5
2019.03.25;13:00:00;94947;95262;94642;94862;174152;558983;5
2019.03.25;14:00:00;94862;94957;94082;94397;280055;923175;5
2019.03.25;15:00:00;94392;95037;94097;95017;213382;733844;5
2019.03.25;16:00:00;95017;95212;94397;94592;201989;704991;5
2019.03.25;17:00:00;94587;94897;94572;94787;75306;287535;5
2019.03.25;18:00:00;94802;94802;94802;94802;547;3721;10
2019.03.26;09:00:00;95497;95716;95146;95471;229689;711074;0
2019.03.26;10:00:00;95466;95856;95236;95756;347419;1088040;5
2019.03.26;11:00:00;95756;95761;94911;95601;351631;1149947;5
2019.03.26;12:00:00;95601;96031;95306;95791;233290;817985;5
2019.03.26;13:00:00;95791;96141;95716;96081;184348;641126;5
2019.03.26;14:00:00;96076;96391;95941;96346;191415;710256;5
2019.03.26;15:00:00;96341;96386;95806;96231;221450;815759;5
2019.03.26;16:00:00;96231;96621;95921;96451;189477;791367;5
2019.03.26;17:00:00;96456;96461;95981;95991;67264;249332;5
2019.03.26;18:00:00;95881;95881;95881;95881;665;6093;15
2019.03.27;09:00:00;94947;95303;94763;95088;252940;774497;0
2019.03.27;10:00:00;95088;95098;94353;94658;371265;1123397;5
2019.03.27;11:00:00;94658;94763;93528;93943;370865;1201920;5
2019.03.27;12:00:00;93938;94158;93448;93458;271482;911593;5
2019.03.27;13:00:00;93453;94253;93388;93973;218521;751358;5
2019.03.27;14:00:00;93978;94623;93683;94443;212143;649002;5
2019.03.27;15:00:00;94443;94443;93298;93473;206314;641840;5
2019.03.27;16:00:00;93473;93763;92803;92858;225883;720878;5
2019.03.27;17:00:00;92853;93023;91153;91328;205640;645150;5
2019.03.27;18:00:00;91328;91328;91328;91328;655;4212;10
2019.03.28;09:00:00;91661;92633;91656;92618;358810;982909;0
2019.03.28;10:00:00;92613;93528;92358;93488;377523;1093207;5
2019.03.28;11:00:00;93493;94518;93458;94408;319384;1043005;5
2019.03.28;12:00:00;94408;94728;94148;94543;201710;726110;5
2019.03.28;13:00:00;94548;95223;94483;95063;192489;691866;5
2019.03.28;14:00:00;95058;95618;94953;95483;205063;699909;5
2019.03.28;15:00:00;95483;95773;95238;95583;202520;723154;5
2019.03.28;16:00:00;95588;95918;95388;95438;177013;669414;5
2019.03.28;17:00:00;95433;95583;95298;95498;66725;228938;5
2019.03.28;18:00:00;95393;95393;95393;95393;596;3525;10
2019.03.29;09:00:00;96081;96949;96081;96589;319499;830839;0
2019.03.29;10:00:00;96584;96734;95809;96684;436964;1039112;5
2019.03.29;11:00:00;96689;96919;96139;96294;323862;827512;5
2019.03.29;12:00:00;96299;96859;96269;96644;196903;559374;5
2019.03.29;13:00:00;96644;96799;96319;96764;153664;454875;5
2019.03.29;14:00:00;96769;96824;95984;96339;230659;719268;5
2019.03.29;15:00:00;96344;96534;96144;96194;145803;468409;5
2019.03.29;16:00:00;96194;96334;95784;96184;175497;582138;5
2019.03.29;17:00:00;96179;96444;96084;96119;76660;259951;5
2019.03.29;18:00:00;96124;96124;96124;96124;655;4845;5
2019.04.01;09:00:00;97180;97586;97140;97331;151934;462027;0
2019.04.01;10:00:00;97331;97496;96646;96876;248232;747016;5
2019.04.01;11:00:00;96881;97621;96816;97436;239362;801756;5
2019.04.01;12:00:00;97441;97746;97196;97711;136752;434301;5
2019.04.01;13:00:00;97711;97741;97366;97446;117047;375368;5
2019.04.01;14:00:00;97451;97476;96896;96926;149414;528245;5
2019.04.01;15:00:00;96926;97181;96686;96966;184355;639344;5
2019.04.01;16:00:00;96966;97111;96706;96931;153892;544917;5
2019.04.01;17:00:00;96926;97151;96806;97036;85341;319213;5
2019.04.01;18:00:00;96921;96921;96921;96921;285;5296;10
2019.04.02;09:00:00;97366;97556;97126;97476;196259;593782;0
2019.04.02;10:00:00;97476;97676;96946;97091;310569;956051;5
2019.04.02;11:00:00;97091;97101;96321;96341;279105;995141;5
2019.04.02;12:00:00;96341;96581;96081;96286;221184;825561;5
2019.04.02;13:00:00;96286;96351;95701;95916;191506;677548;5
2019.04.02;14:00:00;95916;96346;95826;95851;191911;692376;5
2019.04.02;15:00:00;95846;96416;95846;96221;200458;726482;5
2019.04.02;16:00:00;96216;96451;95976;96391;163021;610569;5
2019.04.02;17:00:00;96396;96406;96166;96346;70679;243659;5
2019.04.02;18:00:00;96456;96456;96456;96456;704;4304;5
2019.04.03;09:00:00;97386;97586;97031;97291;232761;698602;0
2019.04.03;10:00:00;97291;97451;96871;96916;317893;967630;5
2019.04.03;11:00:00;96921;97446;96776;97076;316535;903266;5
2019.04.03;12:00:00;97076;97216;96631;97146;233077;736678;5
2019.04.03;13:00:00;97146;97266;96886;96936;144551;473283;5
2019.04.03;14:00:00;96931;97431;96786;96921;240660;787198;5
2019.04.03;15:00:00;96921;96921;96101;96146;263886;853638;5
2019.04.03;16:00:00;96141;96211;95026;95461;338109;1087563;5
2019.04.03;17:00:00;95456;95776;95341;95671;92881;272206;5
2019.04.03;18:00:00;95776;95776;95776;95776;614;3999;10
2019.04.04;09:00:00;95744;96133;95467;95963;229926;748294;0
2019.04.04;10:00:00;95963;96238;95213;96208;401480;1347234;5
2019.04.04;11:00:00;96213;96908;96138;96583;348180;1255005;5
2019.04.04;12:00:00;96578;97113;96393;97038;219592;749510;5
2019.04.04;13:00:00;97043;97278;96818;97123;190021;606356;5
2019.04.04;14:00:00;97118;97318;96898;97218;169093;600876;5
2019.04.04;15:00:00;97218;97368;97033;97198;142574;496719;5
2019.04.04;16:00:00;97198;97343;96848;97263;192253;686418;5
2019.04.04;17:00:00;97263;97578;97178;97463;84654;273767;5
2019.04.04;18:00:00;97358;97358;97358;97358;589;4834;20
2019.04.05;09:00:00;97548;97824;97084;97624;257980;776240;0
2019.04.05;10:00:00;97629;97679;97034;97399;377369;1175454;5
2019.04.05;11:00:00;97399;98464;97319;98134;319508;1046516;5
2019.04.05;12:00:00;98129;98399;97829;97949;194697;670180;5
2019.04.05;13:00:00;97949;98194;97884;97984;144235;491995;5
2019.04.05;14:00:00;97979;98224;97934;98064;135185;478937;5
2019.04.05;15:00:00;98064;98224;97684;97869;134491;490988;5
2019.04.05;16:00:00;97869;98129;97829;98004;148363;529359;5
2019.04.05;17:00:00;98004;98154;97954;98059;45158;163209;5
2019.04.05;18:00:00;98154;98154;98154;98154;605;3751;15
2019.04.08;09:00:00;98168;98314;97809;98229;219461;661508;0
2019.04.08;10:00:00;98229;98364;97729;98014;323406;962763;5
2019.04.08;11:00:00;98014;98554;97769;97954;314881;1047241;5
2019.04.08;12:00:00;97954;98194;97569;97739;216982;729143;5
2019.04.08;13:00:00;97739;98209;97629;98044;169742;561978;5
2019.04.08;14:00:00;98044;98344;97859;98294;160401;531493;5
2019.04.08;15:00:00;98289;98444;97929;98024;182097;621293;5
2019.04.08;16:00:00;98019;98224;97899;98209;141377;499949;5
2019.04.08;17:00:00;98214;98314;98159;98219;55315;197509;5
2019.04.08;18:00:00;98304;98304;98304;98304;717;4352;5
2019.04.09;09:00:00;97901;98041;97626;97711;232769;741586;0
2019.04.09;10:00:00;97711;97821;97181;97191;320762;1051199;5
2019.04.09;11:00:00;97196;97451;97056;97176;256395;921828;5
2019.04.09;12:00:00;97176;97311;96771;96906;189422;704359;5
2019.04.09;13:00:00;96906;97111;96661;96781;158088;561696;5
2019.04.09;14:00:00;96781;96851;96371;96606;168592;631495;5
2019.04.09;15:00:00;96611;97141;96506;96961;195142;727567;5
2019.04.09;16:00:00;96966;97221;96871;97001;148487;562567;5
2019.04.09;17:00:00;97001;97181;96921;97161;48545;181915;5
2019.04.09;18:00:00;97191;97191;97191;97191;716;4820;5
2019.04.10;09:00:00;97769;97804;97454;97739;173114;537900;0
2019.04.10;10:00:00;97739;97874;96544;96634;388804;1311052;5
2019.04.10;11:00:00;96639;97084;96514;96699;290441;990236;5
2019.04.10;12:00:00;96699;97019;96659;96754;164571;582244;5
2019.04.10;13:00:00;96754;96904;96599;96719;132122;490441;5
2019.04.10;14:00:00;96714;97324;96694;97184;187410;708506;5
2019.04.10;15:00:00;97184;97279;96779;97124;202710;757656;5
2019.04.10;16:00:00;97129;97219;96589;96749;153412;636329;5
2019.04.10;17:00:00;96749;96854;96599;96789;58499;246760;5
2019.04.10;18:00:00;96649;96649;96649;96649;625;4850;15
2019.04.11;09:00:00;96449;96730;96385;96555;197547;640217;0
2019.04.11;10:00:00;96560;96695;96175;96225;345041;1123774;5
2019.04.11;11:00:00;96225;96305;95700;95840;260768;925434;5
2019.04.11;12:00:00;95840;95845;94940;95275;257949;1035796;5
2019.04.11;13:00:00;95270;95440;95100;95375;134605;571452;5
2019.04.11;14:00:00;95375;95485;95165;95255;138326;569754;5
2019.04.11;15:00:00;95260;95360;95200;95265;104448;428071;5
2019.04.11;16:00:00;95270;95690;95170;95555;150790;612877;5
2019.04.11;17:00:00;95550;95805;95540;95755;45889;180807;5
2019.04.11;18:00:00;95895;95895;95895;95895;827;7674;5
2019.04.12;09:00:00;94428;94574;94039;94114;229136;752509;0
2019.04.12;10:00:00;94114;95519;94099;95374;394554;1319590;5
2019.04.12;11:00:00;95374;95554;94899;95134;279167;963079;5
2019.04.12;12:00:00;95134;95409;94299;94459;206328;752702;5
2019.04.12;13:00:00;94454;94519;93254;93384;306983;1176257;5
2019.04.12;14:00:00;93389;94179;93364;94139;175893;688032;5
2019.04.12;15:00:00;94134;94309;93604;93684;186228;751554;5
2019.04.12;16:00:00;93684;93799;93204;93474;167964;667226;5
2019.04.12;17:00:00;93479;93884;93389;93834;73082;314883;5
2019.04.12;18:00:00;93769;93769;93769;93769;606;5276;15
2019.04.15;09:00:00;94242;94547;93907;94492;276028;708375;0
2019.04.15;10:00:00;94492;94597;93817;94307;383624;1271926;5
2019.04.15;11:00:00;94307;94487;93652;93887;343888;1184423;5
2019.04.15;12:00:00;93882;94217;93757;94142;191775;689843;5
2019.04.15;13:00:00;94142;94417;94077;94257;150362;568049;5
2019.04.15;14:00:00;94257;94272;93582;93717;208720;808453;5
2019.04.15;15:00:00;93717;94222;93437;93927;255055;962935;5
2019.04.15;16:00:00;93927;94062;93507;93867;224899;855526;5
2019.04.15;17:00:00;93862;93982;93762;93872;60234;225705;5
2019.04.15;18:00:00;93747;93747;93747;93747;586;4957;10
2019.04.16;09:00:00;94091;94091;93551;93721;200261;647351;0
2019.04.16;10:00:00;93726;94231;93606;94041;358675;1221046;5
2019.04.16;11:00:00;94036;95521;93981;95191;376869;1456302;5
2019.04.16;12:00:00;95191;95811;94966;95171;261582;1033217;5
2019.04.16;13:00:00;95171;95356;94941;95121;184596;607807;5
2019.04.16;14:00:00;95116;95341;94971;95311;151398;568547;5
2019.04.16;15:00:00;95311;95461;95101;95266;140740;561883;5
2019.04.16;16:00:00;95261;95446;94826;94941;172629;747011;5
2019.04.16;17:00:00;94946;95281;94861;95126;58766;222379;5
2019.04.16;18:00:00;95186;95186;95186;95186;642;5614;5
2019.04.17;09:00:00;94469;94879;94374;94669;23411;72251;0
2019.04.17;10:00:00;94674;94999;94109;94744;82001;289382;5
2019.04.17;11:00:00;94739;94834;94124;94384;345542;1241530;5
2019.04.17;12:00:00;94379;94449;92929;93079;308362;1125634;5
2019.04.17;13:00:00;93079;93504;92989;93334;176361;616219;5
2019.04.17;14:00:00;93334;94069;93269;93969;173643;676554;5
2019.04.17;15:00:00;93969;93989;93359;93614;196052;794995;5
2019.04.17;16:00:00;93614;94099;93439;93974;154899;623170;5
2019.04.17;17:00:00;93969;94329;93879;94239;73040;271052;5
2019.04.17;18:00:00;94269;94269;94269;94269;600;5908;10
2019.04.18;09:00:00;94839;94879;94594;94704;136836;438019;0
2019.04.18;10:00:00;94704;95049;94304;94664;337982;1181872;5
2019.04.18;11:00:00;94664;94694;94079;94554;286854;1029980;5
2019.04.18;12:00:00;94554;95309;94539;95259;228574;883229;5
2019.04.18;13:00:00;95264;95264;94889;94984;146154;530275;5
2019.04.18;14:00:00;94979;95389;94819;95169;164860;623941;5
2019.04.18;15:00:00;95164;95989;95114;95584;197492;780104;5
2019.04.18;16:00:00;95584;95589;95049;95159;207839;804924;5
2019.04.18;17:00:00;95159;95359;95049;95059;54240;217889;5
2019.04.18;18:00:00;94944;94944;94944;94944;723;5174;10
2019.04.22;09:00:00;94939;95059;94694;94949;168354;491593;0
2019.04.22;10:00:00;94949;95159;94519;94814;368692;1212482;5
2019.04.22;11:00:00;94819;95069;94349;94614;304853;1019045;5
2019.04.22;12:00:00;94619;94874;94414;94644;176597;578378;5
2019.04.22;13:00:00;94644;95514;94574;95449;217447;754770;5
2019.04.22;14:00:00;95449;95759;95389;95714;199551;709229;5
2019.04.22;15:00:00;95719;95734;95219;95364;186382;698774;5
2019.04.22;16:00:00;95364;95409;95044;95229;133850;561411;5
2019.04.22;17:00:00;95229;95364;95184;95289;60280;227514;5
2019.04.22;18:00:00;95289;95289;95289;95289;585;4390;5
2019.04.23;09:00:00;95638;95963;95588;95798;178361;567232;0
2019.04.23;10:00:00;95793;96803;95778;96558;316224;1101012;5
2019.04.23;11:00:00;96553;96678;96058;96238;263048;1007841;5
2019.04.23;12:00:00;96233;97063;96113;96968;275172;1085434;5
2019.04.23;13:00:00;96963;97033;96753;96913;131693;551895;5
2019.04.23;14:00:00;96908;96968;96553;96708;149269;587695;5
2019.04.23;15:00:00;96708;97013;96483;96963;204146;802856;5
2019.04.23;16:00:00;96963;96963;96408;96553;166303;656267;5
2019.04.23;17:00:00;96553;96733;96543;96668;68218;268119;5
2019.04.23;18:00:00;96658;96658;96658;96658;683;4867;10
2019.04.24;09:00:00;97037;97147;96507;96562;243738;773954;0
2019.04.24;10:00:00;96567;96572;95367;95712;404381;1465948;5
2019.04.24;11:00:00;95707;95712;95102;95287;248062;999964;5
2019.04.24;12:00:00;95287;95402;94942;95247;175772;727289;5
2019.04.24;13:00:00;95247;95337;94747;94827;163366;633707;5
2019.04.24;14:00:00;94827;95217;94772;95192;178706;739579;5
2019.04.24;15:00:00;95197;95332;94997;95182;156969;695507;5
2019.04.24;16:00:00;95182;95652;95127;95517;151302;655843;5
2019.04.24;17:00:00;95512;95762;95507;95717;65270;299025;5
2019.04.24;18:00:00;95742;95742;95742;95742;631;5457;5
2019.04.25;09:00:00;95933;95938;95283;95368;259001;837068;0
2019.04.25;10:00:00;95373;95483;94768;94968;350560;1277139;5
2019.04.25;11:00:00;94973;96328;94943;96238;344739;1315302;5
2019.04.25;12:00:00;96238;96788;96228;96503;229270;872755;5
2019.04.25;13:00:00;96503;96853;96398;96753;112800;442026;5
2019.04.25;14:00:00;96753;96768;96373;96588;132759;508394;5
2019.04.25;15:00:00;96588;96953;96443;96853;163339;612743;5
2019.04.25;16:00:00;96853;97103;96788;97033;128238;539084;5
2019.04.25;17:00:00;97033;97193;96953;96983;56234;222461;5
2019.04.25;18:00:00;97023;97023;97023;97023;554;5328;10
2019.04.26;09:00:00;96827;97402;96617;97147;228142;716860;0
2019.04.26;10:00:00;97147;97172;96337;96647;402952;1429803;5
2019.04.26;11:00:00;96652;97207;96432;96722;270570;1044937;5
2019.04.26;12:00:00;96722;96987;96562;96792;148388;610877;5
2019.04.26;13:00:00;96792;96922;96647;96812;95910;370109;5
2019.04.26;14:00:00;96812;96902;96392;96407;115252;448420;5
2019.04.26;15:00:00;96412;96597;96197;96452;137788;580767;5
2019.04.26;16:00:00;96452;96837;96352;96827;117269;478606;5
2019.04.26;17:00:00;96827;96867;96652;96732;41860;157097;5
2019.04.26;18:00:00;96787;96787;96787;96787;581;4901;5
2019.04.29;09:00:00;97032;97647;96937;97462;147996;485329;0
2019.04.29;10:00:00;97457;97777;97302;97387;329795;1170216;5
2019.04.29;11:00:00;97387;97582;97072;97347;254203;928602;5
2019.04.29;12:00:00;97347;97362;96612;96807;207059;762401;5
2019.04.29;13:00:00;96807;97222;96682;97107;146059;520402;5
2019.04.29;14:00:00;97107;97137;96672;96702;130357;478973;5
2019.04.29;15:00:00;96702;97002;96647;96827;155423;571198;5
2019.04.29;16:00:00;96832;97032;96737;96902;123014;470377;5
2019.04.29;17:00:00;96902;96927;96747;96822;46750;190625;5
2019.04.29;18:00:00;96747;96747;96747;96747;770;5345;10